{"Fid":"dRgXTW1kRu60pkKaJm8E5q","Status":3,"RefreshToken":"3_AS3qfwLy0V9rwovEa35CLDpoDwVCSy1PhK0OoC1BiWg8k_dTt0wMb4Qjz6vkTHs5QVyoe3-n2X6bAyEvavDQvdcJRACIQ-Z8VezyD8l79J4wSvg","AuthToken":"eyJhbGciOiJFUzI1NiIsInR5cCI6IkpXVCJ9.eyJhcHBJZCI6IjE6MzY3MjY5MDA4OTg2OmFuZHJvaWQ6NzliMWNhNTQ5NTQxMTEyNCIsImV4cCI6MTc1NjgwNDY0MiwiZmlkIjoiZFJnWFRXMWtSdTYwcGtLYUptOEU1cSIsInByb2plY3ROdW1iZXIiOjM2NzI2OTAwODk4Nn0.AB2LPV8wRQIgDRD4nESu5u3ILoAJ9YSbZm0hch482aDcvoMmu0SoHjMCIQC_qp80n0Wzwweqz8xpx5THjDyB7nTrSe-HOAGR6OoTxQ","TokenCreationEpochInSecs":1756199842,"ExpiresInSecs":604800}