<?xml version='1.0' encoding='utf-8' standalone='yes' ?>
<map>
    <long name="first_open_time" value="1756199841441" />
    <string name="gmp_app_id">1:367269008986:android:79b1ca5495411124</string>
    <string name="app_instance_id">36fc04013e03893949d88e63329c8821</string>
    <long name="session_id" value="1756199842" />
    <boolean name="app_backgrounded" value="true" />
    <long name="health_monitor:start" value="1756199841664" />
    <boolean name="use_service" value="true" />
    <boolean name="deferred_analytics_collection" value="false" />
    <string name="previous_os_version">9</string>
    <boolean name="has_been_opened" value="true" />
    <boolean name="allow_remote_dynamite" value="true" />
    <long name="last_pause_time" value="1756200100703" />
    <boolean name="start_new_session" value="false" />
</map>
