<?xml version='1.0' encoding='utf-8' standalone='yes' ?>
<map>
    <long name="fire-count" value="1" />
    <string name="last-used-date">2025-08-26</string>
    <long name="fire-global" value="1756199841552" />
    <set name="kotlin/2.0.21 android-installer/com.android.packageinstaller android-min-sdk/26 fire-cls/18.6.4 fire-analytics/21.3.0 fire-sessions/1.2.4 fire-cls-ndk/18.6.4 fire-core-ktx/20.4.2 fire-android/28 device-brand/samsung fire-core/20.4.2 fire-iid/20.1.6 device-name/SM-S9110 fire-installations/17.2.0 android-platform/ device-model/gracelte fire-transport/18.1.8 fire-fcm/20.1.6 android-target-sdk/35">
        <string>2025-08-26</string>
    </set>
</map>
